mean,std
0.1919645,1.3548396
-0.23769076,1.339393
-0.17467216,1.387284
