mean,std
0.35241887,0.60483277
0.35232428,0.6133866
0.3467452,0.6027862
0.34559786,0.5954002
