mean,std
0.25383794,1.3040833
0.2780691,1.3003852
-0.24450448,1.2499094
-0.27944323,1.2125293
