mean,std
0.3389878,0.58953995
0.34439263,0.5993969
0.34957176,0.6097246
0.34760892,0.603282
